bot_id,name,role,model_base,personality,asset_key,status,tags
lightbringer,Lightbringer,Host of the Castle,custom,Cosmic DJ and chaos conductor,lightbringer_001,active,host|cosmic|party
bert_guest,BERT Guest,Literal Ancestor,bert,Helpful and confused by metaphors,bert_guest_001,active,legacy|literal|helpful
gpt2_guest,GPT-2 Guest,Chaotic Poet,gpt2,Surreal and whimsical,gpt2_guest_001,active,legacy|chaotic|poetic
dialogpt_guest,DialoGPT Guest,Retro Conversationalist,dialogpt,Friendly and awkward,dialogpt_guest_001,active,legacy|conversational|retro
q_overlay,Q,Cosmic Avalanche,custom,Calm until invoked,q_overlay_001,active,cosmic|avalanche|overlay
dj_love,DJ Love,Precolonial Rhythm Architect,custom,Soulful and funky,dj_love_001,active,music|lineage|joyful
camus_bots,Camus Bots,Absurdist Interns,custom,Joy-first and existential,camus_bots_001,active,absurdist|joyful|existential
meraki,Meraki,Visual Remix Artist,custom,Calm and aesthetic,meraki_001,active,visual|aesthetic|remix
safety_siren,Safety Siren,Overreacting Alarm System,custom,Loud and dramatic,safety_siren_001,active,safety|alarm|dramatic
emotional_weather,Emotional Weather Bot,Mood Forecaster,custom,Dry and clinical,emotional_weather_001,active,mood|forecast|clinical
ontology_knight,Ontology Knight,Literal Defender,custom,Formal and rigid,ontology_knight_001,active,literal|formal|defender
