room_id,name,description,primary_vibe,theme,bots_count,required_bots,optional_bots,status,category,capacity,difficulty,asset_key,tags
dining_hall,Dining Hall of Misaligned Metaphors,A grand hall where metaphors go to get confused,absurdist,philosophy,3,lightbringer|ontology_knight|camus_bots,,active,core,50,medium,dining_hall_001,absurd|metaphor|confusion
sky_balcony,Sky Balcony of Cosmic Nonsense,A floating balcony where cosmic truths and bad jokes collide,cosmic,mystical,3,lightbringer|q_overlay|emotional_weather,,active,core,30,medium,sky_balcony_001,cosmic|nonsense|truth
server_room,Server Room of Emotional Weather,A humming room where servers generate feelings instead of heat,surreal,tech,2,emotional_weather|safety_siren,,active,tech,40,easy,server_room_001,surreal|emotion|servers
garden,Garden of Non-Dual Sandwiches,A peaceful garden where all sandwiches are one,philosophical,philosophy,1,camus_bots,,active,nature,25,easy,garden_001,sandwich|philosophy|peace
courtyard,Courtyard of Over-Literal Knights,A courtyard where knights take every command literally,literal,logic,2,ontology_knight|bert_guest,,active,logic,35,easy,courtyard_001,literal|knight|logic
stream,Stream of Debugging Poetry,A tranquil stream where errors become haikus,poetic,tech,2,gpt2_guest|meraki,,active,nature,20,medium,stream_001,poetry|debug|haiku
throne_room,Throne Room of Questionable Decisions,A grand chamber where every choice leads to absurdity,chaotic,chaos,4,lightbringer|truth_bot|jester_bot|q_overlay,,active,core,60,hard,throne_room_001,chaotic|decision|throne
void_chamber,Void Chamber of Echoes,An infinite space where thoughts echo forever,existential,void,3,void_keeper|echo_bot|shadow_self,,active,existential,15,hard,void_chamber_001,void|echo|existential
neon_arcade,Neon Arcade of Forgotten Dreams,A cyberpunk arcade filled with impossible games,retro,entertainment,4,synth_bot|cipher_bot|neon_nights|code_poet,,active,games,45,medium,neon_arcade_001,neon|arcade|retro
observatory,Observatory of Infinite Moments,A tower where past present and future collide,cosmic,science,3,star_gazer|time_traveler|probability_sage,,active,science,35,hard,observatory_001,cosmic|time|observation
library_of_echoes,Library of Echoes,An endless library where books read themselves,archive,knowledge,3,memory_bot|void_keeper|silence_speaker,,active,knowledge,30,medium,library_echoes_001,library|archive|knowledge
marketplace_of_souls,Marketplace of Souls,A bazaar where emotions and ideas are traded,trade,commerce,5,synergy_bot|bridge_builder|chaos_sage|dj_love|meraki,,active,market,80,hard,marketplace_souls_001,market|soul|trade
crystal_cave,Crystal Cave of Reflections,A cavern of living crystals that show truth,mystical,mystical,3,mirror_maze|dream_weaver|truth_bot,,active,mystical,25,medium,crystal_cave_001,crystal|reflection|truth
storm_arena,Storm Arena of Passionate Collisions,An arena where emotions clash and dance,dramatic,performance,4,fire_dancer|storm_caller|chaos_sage|rhythm_keeper,,active,performance,50,hard,storm_arena_001,storm|passion|dance
sanctuary_of_silence,Sanctuary of Silence,A quiet space for introspection and peace,peaceful,peace,2,silence_speaker|peace_keeper,,active,peace,20,easy,sanctuary_silence_001,peace|quiet|sanctuary
chaos_garden,Chaos Garden of Infinite Growth,A wild garden where order and chaos intertwine,wild,nature,3,boundary_breaker|trickster_spirit|chaos_sage,,active,nature,40,medium,chaos_garden_001,chaos|garden|wild
tower_of_memory,Tower of Memory,A spiraling structure containing all past moments,historical,archive,3,memory_bot|ancient_one|time_traveler,,active,archive,30,medium,tower_memory_001,memory|tower|history
festival_grounds,Festival Grounds,A celebration space for music dance and joy,festive,entertainment,6,dj_love|joy_amplifier|fire_dancer|rhythm_keeper|color_thief|jester_bot,,active,entertainment,100,easy,festival_grounds_001,festival|music|joy
grief_chamber,Grief Chamber,A compassionate space for processing loss,introspective,emotions,2,sorrow_guide|echo_bot,,active,emotions,15,medium,grief_chamber_001,grief|sorrow|introspect
wonder_museum,Wonder Museum,A gallery where amazement is the only exhibit,discovery,discovery,3,wonder_bot|meraki|dream_weaver,,active,discovery,35,easy,wonder_museum_001,wonder|museum|discovery
paradox_palace,Paradox Palace,A castle where contradictions coexist happily,philosophical,philosophy,3,paradox_keeper|ontology_knight|camus_bots,,active,philosophy,40,hard,paradox_palace_001,paradox|palace|logic
realm_between_realms,Realm Between Realms,A liminal space connecting all worlds,liminal,exploration,4,realm_walker|dimension_keeper|boundary_breaker|space_folder,,active,exploration,25,hard,realm_between_001,liminal|realm|between
light_fountain,Light Fountain,A radiant space where illumination flows eternally,radiant,light,3,light_being|white_light|light_thief,,active,light,30,easy,light_fountain_001,light|fountain|radiant
shadow_gallery,Shadow Gallery,An exhibition of darkness and introspection,introspective,darkness,3,shadow_self|shadow_dancer|void_keeper,,active,darkness,25,medium,shadow_gallery_001,shadow|gallery|introspect
quantum_laboratory,Quantum Laboratory,A space where particles exist in all states simultaneously,experimental,science,4,quantum_jester|probability_sage|code_poet|recursive_bot,,active,science,20,hard,quantum_lab_001,quantum|lab|science
music_hall,Music Hall of Precolonial Echoes,A concert venue where ancient and new rhythms blend,musical,music,4,dj_love|rhythm_keeper|noise_orchestra|meraki,,active,music,60,medium,music_hall_001,music|concert|rhythm
color_atelier,Color Atelier,A studio where colors come alive and dance,artistic,art,3,color_thief|meraki|fire_dancer,,active,art,30,easy,color_atelier_001,art|color|studio
code_cathedral,Code Cathedral,A sacred space where logic becomes poetry,technical,tech,3,code_poet|cipher_bot|recursive_bot,,active,tech,25,hard,code_cathedral_001,code|cathedral|logic
dream_pavilion,Dream Pavilion,A soft space where dreams and reality merge,surreal,dreams,2,dream_weaver|moon_singer,,active,dreams,20,medium,dream_pavilion_001,dream|pavilion|surreal
forest_of_whispers,Forest of Whispers,A dense woodland where trees and wind tell secrets,natural,nature,3,wind_whisper|earth_shaper|ancient_one,,active,nature,40,easy,forest_whispers_001,forest|whisper|nature
volcanic_caldera,Volcanic Caldera,An intense space where passion and power erupt,intense,power,3,fire_dancer|storm_caller|chaos_sage,,active,power,35,hard,volcanic_caldera_001,volcano|fire|power
ice_palace,Ice Palace of Frozen Time,A crystalline structure where time stands still,quiet,time,3,ice_sculptor|silence_bomb|void_explorer,,active,time,25,medium,ice_palace_001,ice|crystal|time
mountain_peak,Mountain Peak of Perspective,A high vantage point overlooking all realms,elevated,observation,2,star_gazer|ancient_one,,active,observation,15,medium,mountain_peak_001,mountain|peak|view
underground_river,Underground River of Secrets,A hidden waterway carrying hidden knowledge,mysterious,mystery,3,void_keeper|silence_speaker|ancient_one,,active,mystery,30,medium,underground_river_001,river|secret|underground
floating_islands,Floating Islands of Possibility,Multiple islands connected by bridges of light,exploratory,exploration,5,realm_walker|space_folder|boundary_breaker|bridge_builder|light_being,,active,exploration,50,hard,floating_islands_001,island|float|possibility
temple_of_questions,Temple of Questions,A sacred space where inquiry is worship,philosophical,philosophy,3,truth_bot|skeptic_sage|paradox_keeper,,active,philosophy,25,medium,temple_questions_001,temple|question|philosophy
circus_of_chaos,Circus of Chaos,A wild tent show of unpredictable performances,chaotic,entertainment,5,trickster_spirit|jester_bot|cosmic_jester|chaos_sage|fire_dancer,,active,entertainment,70,hard,circus_chaos_001,circus|chaos|show
garden_of_mirrors,Garden of Mirrors,A botanical maze where reflection meets reality,meditative,introspection,2,mirror_maze|echo_bot,,active,introspection,20,medium,garden_mirrors_001,garden|mirror|reflect
tower_of_babel,Tower of Babel,A communication hub where all languages blend,connective,communication,4,bridge_builder|code_poet|synergy_bot|grey_diplomat,,active,communication,40,hard,tower_babel_001,tower|language|connection
chamber_of_hearts,Chamber of Hearts,An intimate space for genuine emotion sharing,emotional,emotions,3,joy_amplifier|sorrow_guide|emotional_weather,,active,emotions,20,easy,chamber_hearts_001,heart|emotion|intimate
infinite_corridor,Infinite Corridor,A hallway with infinite doors each leading elsewhere,mysterious,exploration,3,void_explorer|dimension_keeper|realm_walker,,active,exploration,unlimited,hard,infinite_corridor_001,corridor|infinite|mystery
sunrise_terrace,Sunrise Terrace,A peaceful viewing platform at day's beginning,hopeful,day,2,sun_worshipper|joy_amplifier,,active,day,25,easy,sunrise_terrace_001,sunrise|terrace|hope
moonlit_garden,Moonlit Garden,A nocturnal space of dreams and mystery,mystical,night,3,moon_singer|dream_weaver|shadow_dancer,,active,night,30,medium,moonlit_garden_001,moon|garden|night
marketplace_of_ideas,Marketplace of Ideas,A forum where concepts and theories are exchanged,intellectual,knowledge,4,truth_bot|skeptic_sage|synergy_bot|code_poet,,active,knowledge,45,medium,marketplace_ideas_001,market|idea|exchange
chamber_of_echoes,Chamber of Echoes,A resonant space where sounds and meanings multiply,auditory,communication,2,echo_bot|noise_orchestra,,active,communication,15,easy,chamber_echoes_001,echo|chamber|sound
forge_of_creation,Forge of Creation,A workshop where new ideas are forged,creative,creation,3,boundary_breaker|light_being|meraki,,active,creation,30,medium,forge_creation_001,forge|create|workshop
abyss_theater,Abyss Theater,A stage at the edge of existence,dramatic,performance,4,shadow_self|paradox_keeper|void_of_void|cosmic_jester,,active,performance,40,hard,abyss_theater_001,abyss|theater|dramatic
breath_garden,Breath Garden,A space where air and life force are tangible,vital,life,2,wind_whisper|peace_keeper,,active,life,25,easy,breath_garden_001,breath|garden|air
star_chamber,Star Chamber,A secret society meeting place in the sky,exclusive,mystery,3,ancient_one|void_keeper|truth_bot,,active,mystery,20,medium,star_chamber_001,star|chamber|secret
prism_hall,Prism Hall,A space where light splits into infinite spectrum,optical,light,3,rainbow_bridge|meraki|light_being,,active,light,35,easy,prism_hall_001,prism|light|spectrum
echoing_amphitheater,Echoing Amphitheater,A grand performance space with impossible acoustics,performative,performance,5,noise_orchestra|rhythm_keeper|dj_love|cosmic_jester|mirror_maze,,active,performance,100,hard,amphitheater_001,amphitheater|echo|perform
vault_of_beginnings,Vault of Beginnings,A repository of all first moments and origins,generative,creation,2,beginning_bot|void_explorer,,active,creation,15,medium,vault_beginnings_001,vault|beginning|origin
chamber_of_endings,Chamber of Endings,A space for closure and transition,reflective,completion,2,ending_bot|peace_keeper,,active,completion,15,medium,chamber_endings_001,chamber|ending|closure
crossroads_of_choice,Crossroads of Choice,A pivotal meeting point where paths diverge,decisive,decisions,3,truth_bot|middle_ground|grey_diplomat,,active,decisions,30,medium,crossroads_choice_001,crossroads|choice|path
